"y","x_1","x_2","x_3","x_4","x_5","x_6","x_7","x_8","x_9","x_10","x_11","x_12"
8.3716671537968,-0.394240149268871,-0.435826269166484,-0.349395982654589,-0.0962050388390245,0.637591729807187,-0.295320509574472,-1.17504316174484,2.12152646346406,0.287941759984408,0.769963057670969,2.00948486099647,1.96465336360212
11.2387034975437,1.58763079324104,-0.780218345066619,0.431615961280946,0.284187683134059,-0.806660173030528,1.37277085099701,0.918289015726885,-1.29464170693972,-0.88284264363564,-1.40767706996321,0.100227897815176,0.149950442594927
6.47396738369884,-0.10225256725358,0.186382938335269,0.48728058173016,-1.2499860057233,-0.263476229360872,-0.306019762495361,0.127797746398559,1.01778463899938,-2.79890872958523,1.00790585702994,0.428157452417999,-0.2634995581794
-1.5078095182592,-1.42636167584504,-0.234518530961883,1.66772059345747,-0.055236460384725,0.376241520031577,-0.660721647217897,-0.05258014557483,0.391416446006735,-1.43572609325904,1.04782348657226,-1.29854798572575,0.5824404711741
8.5016959302466,-0.0521202941096935,0.472658170909332,-0.647732831896396,0.8757917452948,0.619100399871016,1.56895192363353,-0.583647902348259,-0.086739362548605,-1.11392717221321,0.693460939048679,1.01195859403386,0.622602760905892
-14.9087617909103,0.733504909313836,-1.89775790075519,-0.754117516869291,-0.95204724830075,-1.03692803270397,-1.261616292454,-0.0783881096460741,0.241284768705245,-0.110797389952778,-1.43154520900359,-1.22319066394864,-1.9687063478766
0.953221892771316,0.944428791394034,-0.168611561197556,-1.2304549486252,1.35683083447581,0.722048297577921,-0.458079138332759,0.149798051775558,1.56836781218323,0.953796644063709,-0.509129440960562,0.34931380573835,-0.980290841396582
10.5271481008746,1.00011121862552,0.544747813682589,-0.0283343993383263,0.920036792494378,1.14358655763937,1.74768767634672,-0.288625122805664,0.622470386825593,-1.32033653883062,-0.203582636602001,-0.161040974463544,0.172004054287717
-0.741534838949357,0.664854946744779,-0.527925643025452,-0.187514957750685,1.02199417233924,-0.205357982705905,0.595882083233746,-2.05086321209579,1.31068213429243,-1.08514303868802,-0.466746800926737,1.09103980355895,-0.621434871605524
14.8824794242196,1.23046744305366,1.02667905493257,-0.997911100117378,0.561019141945057,0.719485669139386,1.92318016348323,0.855786594841056,0.961855375651396,-0.441921513607892,0.273823094308109,0.734018532374069,-0.368156848146711
9.62327650616959,1.19813279781736,-0.859757859081146,2.17688919955377,-0.58692203296057,-0.24740168992997,-0.0736620991298456,-1.30927295931827,-1.63393025891042,-0.586469133271693,0.0991637147650764,-0.137728389937118,0.893808777937482
0.42912811419127,0.287553658755886,-2.20946834796954,-0.761498096482135,-0.508469195249062,-2.58808202447118,-0.140584014752389,1.21869276528718,0.331031223302493,-1.68942877838635,-1.62188584670669,2.05253371284551,-0.435092543134955
-7.98218445465094,0.629697607495235,-1.37317161780756,-0.200363526599676,-2.7772821700762,-1.18304788425962,-1.61582184849776,-0.186782460033751,-2.10216988282739,0.53434678335586,-1.67178465543468,-1.16890090930436,1.05730712070987
-1.64910517995587,-1.57604730805615,1.08910780670171,-0.171745967859021,1.15638889882628,1.69326694118856,1.99405077615165,-0.149272636919699,0.395983363558745,0.513109558609728,-0.296355414034568,-1.42894606133792,0.781692575247645
1.9192407060299,0.193878534857132,-0.212844715192454,-0.7630396690208,-1.06381699599247,-0.322800262942392,1.12560960323249,1.12674717982679,1.7599450581014,0.719522096830711,0.588446223836774,-2.22267618103062,0.514833464916778
-8.70832613042279,-0.649033707255237,-0.691781725792415,-0.771575880786065,-0.0152775448705875,-0.303182549211729,0.903934835000328,-1.02680332728371,1.39935912286346,-2.02766749798417,-0.910011658970402,0.173018149705847,0.148749378505739
-0.175328090619699,-0.394914513359244,-0.484771703032095,-0.27206645431938,-0.662928768995292,-0.92958394408947,-1.89839659463879,0.695813359825773,-0.576090392604008,1.40507151061458,0.0280339447224771,0.842632182482394,-0.231403744830307
1.58250740651233,-1.27828871034089,0.0543001794454564,0.617231434769766,-0.760581483318442,-0.947960075855816,1.30977373135395,1.19909404542356,0.142810654853732,1.40902531420489,-0.191298462433197,0.241688924804986,-0.784806166008938
-1.07824526251309,-0.0956489258991203,-0.543821169563176,0.994732226719227,-0.852747740236203,0.190875933843599,-0.67556857283754,0.961971588146063,0.810782967242962,2.41424675212964,-0.740393497491964,-1.46591665595845,0.196192523391805
-23.2551639981201,-2.37807694850425,-0.775624257326405,-0.00322201928066397,-0.811404857292509,-0.948975653142795,-0.696080303731037,-0.254426455393605,1.25599391668678,-1.07860225470136,-2.17319490185219,-1.47696954940864,-1.0474059360953
-3.25526954379495,-0.165909968825471,-0.509500756111998,-2.97847834256797,-0.124639943595483,0.435333736925338,0.572398288406521,0.969038211835781,1.0784437920866,0.808468482237033,-0.0583131528106156,1.13724046922383,-1.37676743527497
-5.03151033332547,-0.67426841260838,2.20626360152426,-0.237796613030647,2.74974267250531,2.48578848979401,-0.824938479135698,-3.06937166738758,-0.0514348674687628,-0.51040510382187,-0.313437756475002,0.623204223374118,0.395418944705683
15.7933086117194,1.53085650771449,2.28805944748897,1.15993499412697,1.51933859139356,-0.102456306763453,-0.430798041406428,0.878855024056235,0.634179635359506,-0.124362449136468,-0.120595733660642,-0.92019112367599,-0.825848769253923
8.16324035350059,0.204250548908076,1.75131233860319,-0.123577496679415,1.39281059339554,2.16959260094049,0.497656359678316,-0.190714340426727,-1.03103663130051,0.0516251790702227,0.198838048348457,-0.196009065549959,-0.186920585767911
6.36451807806763,0.748591845262414,-0.508626643847043,1.0907751451842,-0.0346666458795909,-1.21065867222761,1.36709035592419,-0.292786840552313,0.115189782046585,0.381778723249081,-0.688058523716728,-0.156434269835172,0.636622593110143
-0.232319192079223,0.542232141308452,0.327978317929134,-0.278196342427467,0.64911752800262,-1.20500926080224,0.78933285957759,-2.94613686117493,2.14471402711178,-0.501959961156067,1.5852197440066,-0.239824478982417,-0.928375672560236
2.7956503434638,-0.653436507196461,0.026053378520498,-1.34626522221924,0.590003676702885,0.968133219573646,-0.776407767682724,-0.593926472310845,0.00476939545579775,1.17222056169183,1.04270162670376,0.954469140510507,1.00514441591841
13.7600423744761,0.48705117558831,0.234066976419075,2.00092064627314,-0.787664658234551,-0.382282028690476,-0.0510384200637543,-0.337377784312525,1.28493318519068,-1.15093994385839,1.81311540891609,-0.700336636439562,-0.120185760937978
17.0532212361268,1.18005249093558,-0.161852974255688,1.36241179309496,-0.039822313485604,-0.267592385131215,-0.125991656428937,-0.540362689367355,0.693176312857336,1.16368538873561,1.05433556005488,1.11277282997231,1.78396779724629
10.2006707480234,0.631298810511633,1.34910040186667,0.518414901597455,1.21958778296791,1.36819051184829,0.282443660893488,0.668830700301872,0.914058303704116,-1.44435471356701,-0.847315960795556,-0.0637176013732049,0.484689413260753
4.59197020031273,-0.671724286994882,0.996186111399467,-0.740793705971215,-0.0493101167298443,0.183943689540086,-0.522468518056586,3.66573557672586,-1.29578240973927,-0.0772535493766058,0.44615019143853,-0.825041533909725,-1.0902215313993
-4.1403714783518,-0.169818377877614,0.992542064474351,-1.10207805580871,0.250738397841834,1.90203910750212,-1.4523444319576,-0.970102133449484,-1.19494774823857,0.256516041405869,-0.815175011043071,0.0717029194595153,0.654738939042266
13.0652417613492,-0.47170611554239,1.16611317812633,1.37268938976028,0.83962340344661,1.77448652532204,1.86388602581852,-0.485380101263745,-0.488108135761999,0.827994363959926,0.897309941403926,0.0252739000015549,0.114778192091814
10.5858595426181,-0.149926837091912,1.93609946725485,1.44842168547888,1.00443783272994,1.2263843393697,0.00381204242689027,-0.0316942143847061,0.914332252326656,-2.3058641928271,-0.66078557144878,0.376544468274564,0.0812399266435324
-5.44400871685609,-0.0512964068277788,-1.10858006142601,1.39693226793699,-0.578492660360566,-0.0578301749464043,1.6464980604915,-1.02923331901477,0.435854403266504,-0.577231625736415,-2.38459781672723,-0.383284887110985,0.0725444292514385
-1.22276194677507,-0.666614780883158,-0.903237252274902,0.0550481024413339,0.178780468133206,-0.0997562238556053,0.532391537442111,0.294566765185854,0.69915221575984,0.0394544041655376,0.0285401404767434,1.04425010241356,-1.53309090006175
13.6851064747002,-0.765013161205115,-0.932217500947498,2.15673429108518,-2.31513257431612,-1.68633714088793,1.92644716913415,0.942255701504353,0.962786366621194,-0.67294513346333,0.871083758716583,1.20057158311495,-1.176893994309
6.52613942213109,1.32372401038894,-0.286028587038736,-0.21189317671278,0.854111453779449,0.0358148404691593,-1.21081394809783,0.364109349528514,-0.251844829253079,0.368609965743264,0.885745822309209,0.237079252975945,-1.43134129038096
-8.64438110714608,-0.861886739636983,-0.272419819208259,-0.34347944696417,0.782889612148281,-0.616482046560951,-1.23278672570896,0.538727536464649,0.369445405272233,-1.06900424507011,-0.462300739059822,-0.399670352877224,-1.52900431210656
-0.231984393243562,-0.567081371237834,-1.3941615372205,-0.325571991252725,-0.38453902135497,-1.2748500251596,1.63420051886581,0.276339074993534,-0.462267863518437,2.29154451937444,0.203069665878446,1.26778170205033,-1.54294102623217
8.8369168764325,1.34138295093154,-1.46305618230803,-0.458814352468196,-2.06540879992163,-1.31805638227646,0.559546877245021,-0.279769462747898,-1.01028912151439,-0.717761833867213,-0.529421647714922,2.88281984218464,-0.569597627375142
-0.518212344818311,-0.553682629475918,1.58266214190387,-1.77639785597762,1.5788309985825,1.75049305215336,1.26754678191776,-0.0906568301453478,-0.920872388030919,1.37170202151414,0.961770269036651,-0.135128081481143,-0.917035451064078
-0.0921996631214712,-1.25716264771436,-0.19579163183171,0.381398226521551,-1.21348868848783,-0.331556973025751,1.59718936001524,0.458331193189274,-0.0867060614831387,0.135671837663569,1.09904374221462,-0.783230811207778,-0.441736263660213
-6.0626782727201,-0.602549252510155,-0.69981062364282,0.00232576556200979,-0.825231614056448,-0.638734440776644,-1.0761088728551,-1.41781409230056,-2.76897470428968,0.358998829470841,-0.0133254894841736,0.0758036642110567,0.814579583961265
4.06676213889169,0.181045422207192,-0.910748691875804,-0.17460234349374,-1.99910814725985,-1.26802194718056,0.328612125085617,2.35044004226365,-1.73031803662159,-0.226218248513923,0.754278239542531,-1.59545888290065,-0.591769718482506
7.34764391301222,0.621391773373323,-1.60806823222702,0.677104915156428,-0.435267092670171,-1.33406053648098,0.461391808553517,-0.898247285659509,-0.625990269288203,-0.574135140437365,1.2153898623826,1.43423363932023,-0.576116463105847
-2.14567086483959,-0.996460527733131,0.293998912642851,-0.460204904501568,-1.05334217041006,-0.232801025529305,0.710839962441588,0.276667870037483,0.83404685616171,-0.584826642972543,0.557924767621563,-1.04759570646347,-1.09436605551731
5.45966261089012,-0.26997206052825,-0.765664222591272,-0.41976722257346,-1.91840896093993,-0.693787548222028,1.38338681950581,0.65261981930003,-0.385320994018546,-0.476381874029008,-0.484088469093489,-0.198184726861073,1.66713112771222
4.63471369976441,1.14026922251886,-0.543624286038094,-0.583155253544566,0.0554942629353995,-1.1823429181438,1.83966015025533,0.267775470312654,1.38970131055689,0.612255717312584,0.398267257451386,-1.54452919119029,-0.10942414798251
6.84845800983366,-1.1578773041194,0.502507228175288,0.897027215986258,0.461951558634109,0.522769398459429,0.589494575286257,2.56474732724336,0.78003673586499,0.756741601887116,0.987725997635033,-0.519250279965142,-2.64590127641249
-0.224992292067379,-0.21259149629606,1.13887281745285,0.986520429852021,1.57606659293941,0.713012342173464,-1.91041985815753,-0.662337901435172,-0.118510168679843,0.625749588155861,0.822981178602829,-0.758285852599003,-1.29332608858165
-6.70729965074785,-0.261032371542309,-0.436030829702888,-0.847188280933993,0.948093884262853,0.0134188702540766,0.481241409172513,-1.2676592043745,1.23396681508894,-0.513649892064496,0.18815301997055,-0.59120311969835,0.685947065072379
-0.040695176166915,-0.870569337892802,-0.352131274191718,0.931902016372043,-1.40178012956467,-1.51262033286296,-0.0679818947799278,0.237058145068187,0.575855882698804,0.706958773889208,0.321762896539475,-0.526564895212999,0.26934307932894
-4.30172213032957,-2.50686935199901,0.202988048072373,0.594034967654009,0.159340310576362,0.342665573814025,1.3395097009371,0.0388549401004089,1.51403553683183,0.84854917732739,-2.2830730560691,2.35406053884144,0.0185501442867872
13.7230075058454,1.06147144238764,-0.0725179498144289,0.323352070868105,-0.366450125823576,0.046518823259733,1.30600482662878,1.13568994319628,-0.0852191815752217,0.928155358219619,0.808784783483244,0.399470442919741,-0.894237635850065
-1.28811387144077,-0.288481034417321,-0.192265088913125,0.139922448981418,-0.854193920661282,0.673345995390394,0.0424492343606505,-0.508569341787321,-0.7929167164213,0.953743578742696,1.09780993028725,-1.09372827629463,-0.404563716091153
-3.09285901433147,0.25355030058047,0.390210457508945,-0.684993703630395,0.264017843971403,1.00708086427048,-1.09899793612351,0.935042527783063,0.226234529250153,-0.516428561501857,-0.595629632802619,-1.33182910463288,-0.387781255489435
7.71072043859126,1.79852146823713,0.829131026627047,-0.00390618407729653,1.06093256499581,1.95710911601491,-1.84051525133434,-1.30829486536022,-1.14158569713472,2.27352415005433,1.02053339710225,-0.683656144528934,0.507219313386754
-1.03809229705738,0.042220225963781,0.897381736273474,0.506625823624496,-1.14216531207697,0.778532624974412,0.5701552844787,-0.140294543570879,1.36866502825324,2.12080894838965,-0.927466832038917,-0.837942059808481,-0.346991141902423
0.0521906938586097,-0.632054610014538,-0.904550748334671,-1.1098499715596,-0.0144953193964268,-0.774633186198401,-0.0332079877528474,0.387802885369625,0.630953370641837,-0.307466962810592,0.0774251844505847,1.00504457020191,1.08416777882135
8.16226779565391,0.814146132213639,-1.60962983096636,-0.450191272649268,-1.49161348259351,-1.25276534371436,0.825897448096859,1.36685165007783,-0.924873603377968,0.620294721409598,0.0149931486230032,-0.447170766407692,1.45443927946798
-15.1150134278044,-0.717375605345217,-1.84907684277729,-1.95644118125558,-0.212995908415155,-1.49453075673092,-1.11234705807389,-0.528266506992882,0.037662399172793,-0.806990755500578,0.964955977362063,-0.526688130745064,-1.35913554777323
3.73867412165471,0.409030422437915,-0.156490913278535,-0.158528662967126,0.576952143097505,-0.29192909875906,-2.65139679468754,-0.290281971254313,-0.372922289087356,1.23375610726756,0.255790087619186,1.01383121782183,0.957887610369442
0.439170681376409,-0.847504567915775,-1.09444697652137,-1.56295767435564,-1.6105019702217,-2.54225265541984,0.808391667215979,-0.215841792936295,-0.407635948852587,-0.652335865790519,0.871701978757073,1.4239529786455,0.554909631048826
-5.18545559824057,-0.428309870280918,-0.0356379714248118,-1.6147485890627,-1.87249724654399,-1.8284658136493,1.0963389591348,0.921437830175456,-0.207257731968333,0.251573260673533,-0.572832549795647,-0.485656713583373,-0.703060298495716
9.08255622436077,0.0352140866007378,0.999140361341915,-0.22023035301847,1.37972339336592,0.738314136032498,-0.370659993274552,-0.0820729375785788,0.625539167466158,-0.372993609385426,0.123365787736651,0.756395161220086,0.760022676864778
3.08316285707361,-0.0780769658172467,-0.762294017763961,1.46379063214423,-0.120749884454318,-0.12738217759736,-1.13768522672916,0.902024866664445,2.10167767169154,-0.13780267408453,-1.25952622213855,1.11821962761128,-1.25620931348927
-3.02448943554894,0.325908229599126,-1.63251861223982,0.1238067478545,-0.685451369617694,-0.406133136030073,-1.47877326945287,-0.838988050840274,1.12568647302225,0.724906953006187,0.691639345510544,0.89700192089807,-0.741737628466562
-1.04660562853974,0.100024820462661,-1.78290491446629,-0.438557180622422,-1.4521918755341,-1.32843759174966,1.05724049877363,0.962107102178335,-1.2406448232158,0.854035924118307,-1.54579745993183,0.805594874692677,-0.204478184837996
2.02456078386142,-0.334592089346003,0.949746913197993,0.615002959570623,0.987351288417317,0.599023046905817,-0.0648383805949557,-0.520098223986702,0.107556104819066,-0.514411692223757,0.589125961520777,-0.607931388964414,-0.131661237132651
-18.8640914384022,-2.13632329784406,-2.0715486980785,-1.76423914045355,-1.87417742264363,-1.98786661669471,-0.574287113349984,-0.661733946400686,0.7102379532555,0.574800535303401,0.108176752530468,0.151456627672642,-0.0387346506215047
-2.00434319546041,0.147038374781142,0.417426368921555,-0.765405753513889,0.082841762808967,1.27239355868374,0.520095194107124,-0.987704519607792,-1.35678825706886,1.31848548076169,0.497391667883756,-0.440452200354997,-0.909961405219033
2.03079746713742,1.14323644477704,-2.2281087090267,-0.119714716740752,-2.13651131155053,-1.5361825437674,-0.404925858618725,-1.64093232018267,0.990167693589617,0.783194929531997,-0.244730490463334,1.62527740699155,-0.0977720743863215
2.50252003739521,-0.582800031660209,0.0808586556233698,-0.561831501968167,0.520197666845677,0.103627517644058,-0.129848964650837,0.45331364432484,0.285832543303514,0.36522649978221,0.649863828982172,0.461477723456388,0.217220333099036
-0.046265462434474,-0.381244062290987,-1.06089359035794,0.409204174443883,-0.319045323829438,-0.760950795297909,0.60726746355312,0.286060759993321,-0.0389512783014609,-0.302487574115665,0.673971148450727,-0.602658474799857,-0.14386060651694
4.62396660818112,0.427504510845074,-1.12295078692305,0.855695157803405,-0.757957550588315,-0.516267151104518,0.82399543188105,1.70293888243826,-2.47533771717049,-0.637709203588575,0.122185866107094,-1.69750173496778,-0.517330144217743
11.1390765991075,-0.549640800131616,0.876401681922524,0.857970362899079,0.22040382041323,0.781183862800417,-0.656438965756458,1.82839761956254,-0.205977621115926,-0.032019837616131,-0.372332432405082,0.922782073119708,-0.448471740679646
8.43768361697435,0.420173670087425,1.13357576619417,2.26732593277263,0.486011630953763,0.412526358933065,0.688463353253063,-1.14273911645258,-1.68125991211809,0.648801202647337,0.615203089620314,-0.538883588558334,-1.27963509962977
3.16775138674308,0.0758210909201635,-0.378725693686504,-0.477866250980178,-1.62007790452787,-2.04899852358285,0.00853846325839879,-1.68583331896851,-1.04701407265686,-1.12499669410402,1.87100381678615,-0.0772309802996199,0.813714590133354
-13.5078148246418,-1.08313434207628,-0.955862489784824,-1.49478817270272,-1.23186363785126,0.0448963507697045,-1.13864000176279,0.148708445461457,-0.333161953612443,1.24643890040391,-0.333859819101016,-0.732843988171803,-0.394384046101468
8.2934200494602,0.678350309046296,0.575737036128106,0.101169840223289,1.11755684580099,1.00942218080267,0.550986740734576,0.660668743549091,-0.782921228041319,0.134469408166943,-0.444169842884113,-0.668146086568857,-0.120723284799207
5.81836137302055,-0.481712689853897,-1.59224464402745,0.699155674522516,-0.836964771946732,-0.983000828346124,-1.57541309888513,-0.836052334893592,-0.788683446484933,0.174598840087754,0.917765969175854,2.25908193624033,1.56709195075587
-2.20174836263143,-0.907401868852799,-0.339898040998099,0.00916792853653514,-0.663553226049166,0.313346414922048,1.67293586370149,0.408925866881862,-0.703508695811727,0.169340646379748,-1.54808696778261,0.620036230769298,-1.30076985520394
-9.89993737929214,-0.94205138630131,-0.293696951728487,-0.852918660247763,1.12633652157999,-0.821227250449166,-1.2515503071298,-1.81039246345421,-0.102041398284496,1.39317811170899,-0.504484901413617,1.81040410857248,-0.711260931006833
4.22926533577463,-0.928858916431984,-0.119239571550993,-1.35946727240437,-1.30066966580303,-0.531715535552894,-0.0296760434359537,0.884685865926973,1.34802990166298,-0.658648657158061,1.17900202145335,0.822058849259763,1.06819394221618
-1.84450966971248,-0.188092571365726,-0.194398183178693,-0.492639186297001,0.996200289229714,0.0948932311387117,0.716097578163522,-1.38045046209094,-0.0967907268911993,0.195936200104926,1.89676830520955,0.298638021504065,-2.05881967422149
4.96640212206082,-0.504043631128518,0.235935356049047,0.331389327088435,-0.40839783777958,-0.780156853717921,0.391494759689575,1.45266034469331,-0.099246391895886,1.16640327324145,-1.41679014457297,1.39014084358353,-1.41909055231837
-4.57935351083002,-0.208313138096237,-0.910150692139175,-1.12952022749183,-1.14302051389964,0.926408131899847,1.1157574775004,-0.097200204814654,0.135320704984982,-0.450282565084407,-0.418547068638856,0.488067301567558,-1.31277954992226
16.5123304582352,-0.012659230755747,0.626180175934012,0.143269530340121,0.357443260669954,-0.32951550625221,0.605305639624072,1.8765793632069,0.727694444587576,0.0598924440607575,0.432547315000713,1.00312155670594,1.18230525259003
-6.86642097542501,-1.60142585512932,-0.4350504227455,1.5561561504004,-0.595859851080804,-0.863584149644614,-0.124967825543812,0.947763115733284,0.919662704307764,-0.112301465181963,-0.44622957021259,-1.34218500297467,-1.5960824954796
4.24149702860416,0.239129732103114,1.71671609594077,-0.48163656441374,0.467937283778747,1.10179802871929,-1.22210480219956,-0.336982880023125,1.10217814595444,-0.550163991382117,0.440808477857794,0.303816433751439,-0.469465130568874
-0.515348108523429,-1.05340028868851,-0.0839534576996278,1.41432878877015,0.0633565278906753,-0.31453191010117,0.419366647766815,-1.04236185022672,0.60709424981279,0.401043414203531,-0.430653250660528,-0.341667352393904,0.416779595677988
-12.6793113023367,-1.56640957624597,-0.0921727318150658,-1.82111467345225,0.177031500578997,0.254790554846302,-1.87364057783778,0.0444735452090336,-1.0524866682284,-1.7774795865254,-0.81707560267384,0.360703239709538,0.267993379830621
-6.80140077950701,-1.22044973866987,-0.748165201707479,-1.85662969335823,-0.565688143153074,-1.81688711981053,-1.0468750253922,-0.591653030453124,-1.60256755439232,-0.676141027437951,1.62217213500049,0.947180306464288,-0.974467415419157
9.37806595456068,1.77064631241434,0.831006391265582,0.34892821833957,0.709263022000006,2.07708954485235,0.691902504424976,0.395080413952369,-0.0206096966600412,0.775488414598193,-0.660820458191289,-1.60260911758018,0.428122561851217
12.449343610261,1.33388984405247,1.64345822711033,-0.650273371311383,2.5218960206692,1.25329122439325,-1.27201627630164,1.74121928531172,-0.794129891548962,0.671185207039852,-0.312253072156831,-0.308532365624868,0.7126372392897
-5.89004221655607,0.609938252541231,-0.831916805628313,-0.892794643713147,-0.175218308035427,-0.993178580334262,-0.18434080219006,-0.293114874750449,2.13550871171961,1.26711528796015,-0.823937646525648,0.515520618304308,-1.54481450765997
-3.42582959531897,-1.20744227771964,0.10476469273648,0.932350154604199,-0.142426458451558,-0.0132103676000309,-0.287697237292881,-1.14172322477756,-0.475284214729603,0.865448506573345,-1.27404150202553,1.83150012929965,-0.443664926957769
4.77001518930891,0.188436388633894,0.534894370976721,0.897037825787788,0.301878576691205,0.414996630549246,1.12451730835756,-0.0491433960914069,0.200444247931609,0.0110582257122355,-0.365399306755678,0.138678196124725,-1.40444222054935
-0.623911778108257,0.589547858651947,-0.834980305055729,-1.20859393805917,-1.14859761009083,-1.68159195675556,0.417108818191195,-0.095854605807162,0.11569854384467,-1.09952173802452,-1.06564399521781,0.273154033281183,0.101887481171855
3.02777909840887,0.173620601768002,-0.355475580368963,0.813566356511914,-0.745095133013593,0.173142469806695,-0.843478831162211,1.20908494854448,0.374705734917715,-0.16937493393668,0.269739056431338,-1.36239038830255,-0.0805891265407682
-4.80367593429371,-0.817559149965504,-0.852655950620439,0.468072493452987,-1.01025891644382,-0.214563813853609,0.612700603046009,-0.376798994028116,0.984284918171687,1.88479670471856,-0.850347002365445,0.137797373533265,0.516654186145931
-5.18896445349297,-1.41952228459704,-0.54755601272704,0.529894862319507,-0.712759417190171,-0.372651822781262,0.295621905904704,1.06853899885526,-1.45044993007168,0.560808575373144,-0.453099471240059,-1.13746124664381,-0.0109672707654175
-6.21646222162644,-0.121382081226307,-0.967087110187466,-0.659267489982035,-1.47867103660496,-1.54164404485176,0.168956512208011,-0.973621183761408,1.68020439026604,-1.15656686231792,-1.06934504521547,0.801733735617546,0.55047413403166
9.40973444574781,0.789891361429922,1.26800991559793,-0.231034853049476,0.507932233508354,1.63736574686731,0.152989796032256,0.817907682107348,2.15373886619583,0.101301981654574,-1.37214120663098,0.918327112330406,-0.223057352472628
0.419298177070156,-0.937200778758781,0.467160412040837,-0.336209769748652,0.472915515812519,0.800371978502904,-0.397223913677026,-0.277263247670842,0.0969512010292484,1.0037081042155,0.789297417803117,-0.363312077894565,0.920463725687938
1.32784557588308,-0.87834726819964,0.992691706573483,1.21719547312347,-0.178553702980538,0.412149626805823,-1.51401033630291,-0.80990841873605,1.55625109603136,-0.301923291915768,-0.179867181174714,0.931797110300812,0.0509549407227985
4.33346209209256,1.64077764691002,-0.220782019882913,0.0324717726155298,-0.131740970358996,0.625692884918651,0.728452415642828,-1.29458746037021,-0.0245068018283834,-0.559863754112622,-0.448629102784612,-0.842283463785702,1.17307824208046
12.9893394130882,0.645916475586668,0.494756767880509,-0.475688215216576,-0.464590985569616,-0.460113312675438,0.476359989330752,0.686308677106298,-0.742053555594656,-0.719712636943569,0.0511283962844827,1.6670258680546,0.443221905512163
6.85531689642623,0.429835461720147,1.35512140042007,0.795924169625705,0.620505305848041,0.886810819809586,0.142191917566351,-0.255878461514478,0.0748949953112331,-0.398495087306612,0.0442007219859808,0.0888078130303923,-1.01095069232129
2.22799514575792,0.324132623272696,0.714060997691398,-1.0555819199966,1.5799707360735,0.540616164068458,-0.566990951406064,-0.489987843725838,-1.27725585716954,-0.895840127524587,-0.285416302917413,-0.346331234017788,1.76389350771469
14.2442100778044,0.141082968588656,2.20857846894223,0.0431008694331547,0.733022302973125,0.849219255821193,1.28667475081511,-0.128911315196458,-0.438235490935564,0.674502215139495,-1.14899820227474,1.41814152078622,0.971579468541219
0.859103849795753,0.467793321800234,-1.31771454824139,-0.0481844822973391,-1.39007762305813,-1.35911958859824,-0.32815203119893,-0.536145676277897,0.295573899005567,-0.641268913450485,0.125800161873234,0.223858526859734,0.449032952709117
-4.37874421044703,-1.44568039514852,0.374231004526705,-0.428707977180472,0.926278816168762,1.61992955188046,-0.258332313275852,0.626307728672935,1.00946887838028,0.733075795272585,-0.753181845827087,0.234707602372017,-1.14085050711691
7.08027853985899,0.43223222466707,0.616227128261847,-0.444022711918101,0.0127001318888195,0.85857426202036,-0.472953527722756,-0.0127499444111761,-0.147303445446708,0.141844629069191,0.468838421059865,0.828603824601376,-0.109768016275348
-0.514595371655045,0.179749225944649,-1.67161345922607,0.452865923062899,-0.41730884348035,-0.37107293527633,0.371026170788106,-0.444597108173985,-1.40346973301327,0.555719967905838,0.0194195571658429,0.626659146633323,-0.702138535273607
9.00055051486578,2.05516542873488,-1.08278147854122,0.549364296202654,-0.963344532514824,-0.159465098948681,0.0305990949858982,-1.21992039228888,-0.278204516720949,-0.296278635731161,0.525452614640606,-0.00390006022409936,-0.0147650649530758
1.17193632355881,1.0149031548684,-1.58878244315004,-0.803929268040016,-0.331135107643072,-0.397534735273064,-1.87152794501186,0.126803425470467,1.07412763769952,0.464559771679534,-0.31307405895597,0.644469790277272,0.987209905277311
-7.01192642045342,0.749613247992754,-1.90653027894677,-0.88772766916065,-0.337212371623136,-0.457030665088771,-1.30570970573255,-1.02325049236477,-1.1583146734634,1.66091948922146,0.35067153752259,-0.421893890932406,0.972777197963905
-7.00233469250369,-0.614369360120397,-0.171398132131742,1.27403283138563,0.0714442986654755,-0.777284571378277,-1.1410897886514,-0.177894322149178,0.0303475765758836,-0.75722567806014,-0.78413444285283,-1.23109461693609,-1.38608538594937
-2.51098793533108,-1.898232495172,1.61500770004972,-0.454387720549366,2.42948435042974,2.08773597510322,-1.24960701900018,1.79969714292865,0.487259086855301,1.06254512312819,1.71119627363156,-1.08658847590361,-1.22817762969693
-5.17031085838728,0.21914504653879,-1.23712699320242,-0.764245480248908,-0.246977885682263,-0.929443705869264,-0.295465523361277,-0.434291389123445,-1.82262868334253,0.730196086490536,0.920017308027336,-0.798252725706421,-1.17972412348207
0.410482240353929,-0.970837631099912,1.31626788851341,0.402350825527077,-0.286768473649661,1.590194915626,-0.855789072926552,-1.10158769704248,1.56798735706676,0.414649931990239,1.2690951313278,0.0847719668438918,-0.246705764497735
16.0449198835731,1.37529966347859,0.560930963232704,0.717437752958265,1.35578054315757,1.37649192096933,0.000981134667428756,0.0267898808458558,0.438959460940604,-0.476026736783719,1.2223731018513,0.0605051678943026,-0.163016682414058
15.2960251336162,-0.190603664211101,0.248280927883392,2.05045928542023,1.45995353977255,-0.229196601835824,-1.58763085760304,0.503978586761204,-1.9855865059174,0.397520937831181,2.43342083574637,0.350150012727316,-0.437112955061177
10.6575903094238,-0.861409324269333,2.00520955823292,-0.12161977520487,0.382114839445718,0.146804277497201,1.59109130160569,1.8185434080651,2.26952033964177,1.14154365105768,-0.259760000262185,0.00991821437310579,0.388492444488749
3.97516168304093,0.471069001898842,-1.99151580317391,0.0854914798291627,0.44801047645114,-1.26455732997977,-0.921740384840399,0.772289727498522,0.0667986663143581,-1.48924753865942,-0.027952753600678,1.25031655781772,-0.98769386044474
-0.201996986807673,1.87052684673018,-0.988096169425947,-1.56200820829711,-0.835361274966097,-0.291904700526061,-0.722448533104203,0.0379070946973609,-0.378872703210805,-0.490316214123009,0.936718514624669,-0.975553752831843,-0.747415769172093
22.4264227622084,2.42916657328758,1.0938021602987,0.30429790365933,0.429556379605935,1.56750281528163,1.82669281394487,0.781911436946441,-0.549846775043332,-1.80648581682034,0.904361511459338,-0.551208888610946,-0.510467850884761
22.1212801426799,1.30097086237955,0.547478634210477,0.4880363791011,1.35058314203357,0.258641789567674,0.0496095088325624,1.42655653222446,1.17601197009118,-0.810849091672798,1.65549256036338,0.571547874907902,0.201560963126678
2.46064624088453,0.297291767384135,-0.771633959855836,0.473073158577737,-1.67375421556276,-0.533956835460975,-1.25330736574067,2.49421620541892,0.605496394038316,-1.30832434768639,-1.99799492663848,0.986195069261265,-2.42434312486743
-4.99185918386597,-0.603298118371999,-1.01722980398535,1.04604732693631,-0.48065523042211,-1.61698132827604,-0.882159987629334,-0.384488579136051,1.24340505353974,0.207980992758936,2.24494099137906,-2.53368113774214,0.357891115727465
15.7363846202568,0.0560774043111151,0.350383219917285,0.3981742776437,-0.094740051827172,-1.01605927858088,0.769368260576532,1.28644271136329,0.168521944449753,0.186711319596219,-0.0830864818930856,1.33740251134639,0.622986621883136
16.9576598805949,1.48460897546672,1.07804318487974,1.43828140229365,2.73451099567406,1.21152791863408,1.17505597560701,-0.461677344417602,1.92312459149279,0.465198281103498,0.16035776439982,-0.301591679394655,0.545940666141073
-6.24231975918084,-0.202259855297124,-0.10343805877824,-1.6847323097394,-0.582113865274628,0.24318471663744,-2.30874905900169,-1.225252025874,0.342945017007729,0.251671245019923,0.556454070482555,0.0818358494420872,0.720463693852076
-3.48070559974749,-0.641096592890487,0.0501955617788726,-0.929093074375172,0.417645385804095,0.147718722375795,-0.487497404089281,1.65020847099687,0.535319188325934,0.0275717815213622,-0.191992622466951,-1.07995348936675,-0.107895402450821
-4.16434670562913,-1.5171567449396,0.570274297570049,-1.09663076906686,0.995330829161204,-0.0226069134288715,-0.426055913541758,1.49535815204819,-0.317100340971354,-0.0860532670055707,-1.02235491983002,0.721394633343984,-1.54188813426016
-11.9031494567043,-1.40283862592986,0.701816628256208,-0.116478243868553,0.36497866839786,0.0304750068105198,0.913585037624829,-1.03615327889933,0.605538080820021,0.25625527217855,-0.321232150727342,-2.10411311448799,0.423097098274355
1.97067631329805,0.565254677506738,1.09528781532771,-0.807834037282067,-0.258559052258422,0.819056974088761,-2.05847573872527,0.380422075769436,0.132166806872573,0.485053493881323,-0.0914721080784795,-1.06765615722774,1.28444645308403
3.23370501564766,0.285856283928678,-0.4627361852198,-0.397002158593822,-1.18953918723774,0.403363008417023,-2.95808530332307,-0.117786981787921,0.22736016475415,-1.2753921318935,1.86165460492798,-0.673248852664945,1.90014444662377
4.40053626253129,1.10613805034741,2.36624546864255,-0.0493004272868931,0.267542451911819,0.0494663905652833,-0.631509613260446,0.351603769507071,-1.0217535540812,1.26344157053026,-0.810821034387734,-0.871157511508715,-1.09107376872832
5.49901434039852,0.928792643014854,-1.46504971019302,1.04912961602814,-1.10848237458516,0.0578229828891521,1.22642672919992,0.184086047201411,0.479668330640702,-0.62562133817921,0.420042704147565,-1.67884999487343,1.92522879923936
-4.50710167071255,-0.624509239498614,-0.0861278431879061,-0.246052645488006,1.26511682605661,-0.417267270863493,-0.584432076151898,-0.565183695612336,-0.243550758226524,-0.324865406347916,-0.201330324371865,-0.316345925748118,1.42782373426664
-0.978073902244631,-2.11047133270237,1.43139878811782,-0.0999010315462236,0.294268724633038,0.0745306447771542,-0.817502306373014,1.57016164809426,0.0965855377284189,0.020781908335497,0.163367890983386,-0.158124149401212,-0.887851482988167
9.64556042371223,0.91492278979446,0.570739331854223,2.97109185978965,0.342543978789118,0.548793252274569,0.428278855557311,-0.474279569534523,-1.67246146991344,1.07027962125466,0.520732666543668,-2.58269972824369,-0.204545374520164
14.6352481942101,0.988484214279943,-1.55869749636746,0.0272985825690869,0.321873328054131,-0.63474246295859,0.907611931888985,0.977995502964454,0.11227375548619,-0.933398377829136,1.53980533122715,0.0112043793096164,1.12806778893986
-0.37339662087092,-1.37704857494852,0.231168906234972,-0.474021516379571,-0.424104934954806,-1.8199027926315,2.62437467541375,-0.821500556456968,1.10001060062164,-0.256137504141281,0.204891646229396,-0.150111713115612,0.758431674596681
5.93213648030432,0.466111378607658,0.902691028269731,0.039686707544801,-0.351662515281567,0.208986398682163,-0.47498496070812,-2.09719100064473,-0.950401692989534,-0.816005371156513,-0.268547253738041,1.81558910604908,0.509959813960899
1.28651996413208,0.0963602725984162,-1.04410258780487,-0.0161530493270818,-1.43929382273034,-1.83706374283589,0.560738475987529,-2.1448256861084,-0.452324045065575,-0.132492164069927,0.976042172264876,0.840429754987505,1.25869225827656
-9.61779317650451,-0.950805024247249,-0.41836655450314,-0.689075375765116,-0.00342888624128279,-0.269036763314472,-0.795285085242628,0.351184627243988,-1.46815254500988,1.85277226616736,-0.281620201210383,-0.538484861605951,-0.702154494113371
-12.1421258049501,-0.775633380510351,0.864384796471425,-1.2417779602694,0.663849893650505,-0.495011660302757,0.662899923294148,0.227251447870266,0.717468774032167,-0.896258658710954,-2.4347082296529,-0.551073342354556,-0.909371530330417
20.5420250951875,1.28873442234512,1.81037640565997,0.924045144275891,1.00974858143094,2.6664095344818,-0.0174571199398126,1.41384493301138,-0.188284544188641,-0.545835581507383,-0.499846066715188,0.186223769213,1.14717133383443
3.82995240922022,0.491361905942853,1.01478475483489,1.37126354131605,0.0408872974282052,0.478778575519658,0.228255798971941,-0.360419451157224,0.538911554483828,0.496966401601903,-1.31059684419534,-0.374310339675337,-0.535762491789615
-1.79782832826297,0.922424432062013,0.571783995081943,0.12605530503024,0.69610561839058,-0.0529435828678708,-0.697203304282709,-2.22206340153533,1.54091055699669,-2.5518576477742,0.58437265476945,-0.587129663395689,-0.929457456802559
1.33076253478729,0.733973949184362,-0.402874141072335,-1.67956221679445,-0.548949887907091,-0.35345431747014,1.55776669894028,-1.03353514690514,0.885743344554159,-0.679079136187577,-0.325590004085365,1.05280204300464,-0.251173603312604
-6.39039849689668,-0.734057465095382,0.638627569415493,-0.0278223260673791,0.291681129929826,0.539625123383323,0.804885285669051,-1.05384490636545,-0.395975962477214,0.487496951653897,-0.520410073656948,-0.775493360380256,-1.20315844727191
5.41959868268064,2.10436523159102,-1.46751269951304,0.403166340957441,-0.169924197765619,-1.96302668011813,-0.722472163794099,0.062477095692632,-1.47805333052521,-0.336766707130856,-0.733281870299254,-0.721864655787932,0.621153347408397
0.627140361708889,0.420408592221375,0.0930009749514995,1.30503054441543,0.304023256504567,1.31762818639481,0.544938730139251,-0.79415513141995,-0.192826378922169,-0.841363265002739,-1.72614132692534,-1.23634861118078,1.69737449944583
-2.30627506351255,-1.97871592454705,-0.708522590825268,-1.03948717815566,-0.528851376769805,-0.239474345724661,1.76766840572515,0.221577996342117,-0.500233490694333,0.178798855683952,0.207286772384031,0.623523563481139,2.28811513763606
9.70553004929155,0.598108618157439,0.179046376792193,-1.3498606481753,0.198802158004936,0.518554006095303,0.80348108986284,0.364862322362287,3.2538354745293,1.95285384975627,0.694858344040338,1.05595242503197,0.47919642552986
15.2988162421141,0.540698293510086,0.737700715057876,0.120293051318356,-0.00827485499224867,0.00657691671565441,1.04065253213334,-1.0199897056118,0.982260531383731,1.04554310109244,1.04619251347734,2.38361621513219,0.22339452204001
5.28380248053488,0.0309689856901603,0.54802244574356,-0.0153951096279132,0.0900258525682835,0.0332053900090569,1.76705544251046,0.664332061017808,-0.270500651096062,-0.558866941551052,-0.69502233432161,-0.138259056076365,-0.542683134794876
3.66345882375022,1.02520903196561,0.245776229349116,-2.21858340256326,-0.457974708279285,-0.431762937148938,-0.406081827211226,1.04200668071219,1.5989148186446,0.512863567671408,-0.630100495062284,0.266372883167462,0.659554723633545
9.49806109042756,-0.643732374604943,1.59792818271303,1.04788696774624,0.877071096403337,1.83792971115331,-0.569793974260728,1.09873937957351,-0.0426144337884393,1.86850895204588,0.415292020361321,-0.436503391974447,0.397924604562177
-9.51875704794426,-0.689528049556871,-0.332771599965147,-1.09725445056365,0.578389306471745,-0.609961208253541,0.459695897907898,-0.0930379395021871,0.631569336601609,-0.726591416037675,-0.558594468688619,-1.63655510905963,1.25644754364168
-4.44252442274454,-1.08175991466237,-0.290359775371763,-0.0777975136599518,0.568206258615184,1.55182353364103,0.152289409701799,0.173741380962326,0.505184153464585,-0.122631558607875,-0.177010280137789,0.477054232919365,-2.4038794720927
1.11164165924555,2.02267593342045,-0.581615852053017,-2.29818913685579,0.0668839681321999,-0.158802415627813,1.52396207972196,0.385598710033224,-1.44769909515378,1.6227513314664,-2.60932593267942,0.0292934721513728,0.914574226118389
20.3025399823404,0.621130245805286,-0.799366748506952,0.782623818382111,-1.65560057855294,0.83372164806012,1.34986718766751,1.01330317793226,-0.517293844547747,0.279005466535231,1.04781761119584,2.51889350496608,-0.100542841475851
20.8223018153824,1.87858192571905,0.803385437997069,1.42299043459912,0.699019763180216,-0.209121230229231,0.16401884020656,1.64514652891888,-0.651960270061799,1.29494427112344,0.350169466639888,-1.34183458167039,0.591881390931397
-6.675687484784,-0.836749645885688,-1.16967192089688,0.484536092034002,-0.211530529691622,-1.11076881397099,2.39451263579286,-1.51337947297872,-1.72278215255718,0.817923228037744,0.491904573542456,-0.631946946290838,-0.854236082218973
4.40304224333274,-0.627563744736051,0.733110602373188,1.30978207011747,-0.000418654978088517,-0.438641760193003,1.24953095038591,-0.701023204531798,-0.102034361114738,-0.26845149834332,0.503558995924301,-0.0601418321295382,-0.255784941800372
1.32304070450016,-0.758137422939168,-0.975382135499009,0.84050350527727,0.30516514978401,-1.44057324521267,-0.227683862299821,0.518086751705127,-0.18967608537835,0.336407394370361,0.3016500098964,0.373962755123412,-1.34504659142007
10.0741010606897,0.461026601639581,0.00978181473397643,-0.890730382285095,0.385030112553885,0.447123422609327,-0.623083080920632,0.0799309651952865,0.860642587487359,0.581073019459413,0.88719047329699,1.44711525452763,0.908455749288078
-7.22803356556338,0.401500337247889,1.75542798903948,-2.15563205541186,1.58308499426271,1.35788312516013,0.577361564733637,-0.0739385835503022,-0.317067796818397,-0.140604006712301,-1.27688540727996,-1.84237443756338,-0.159065174990114
-4.92953627901921,0.812580768630135,0.16535671586222,-0.161074341412709,-0.946352092836777,0.314110016991652,-0.384915254130266,-1.46694258054545,1.50837153467981,0.130739440756176,0.106898558392653,-0.89071889732921,-1.04168466711453
6.38845107166806,-1.61612556267682,0.122649173038639,-1.78871517002044,-0.029920018679137,0.792228876166786,2.29417804278449,3.16690299607942,-0.728305477659071,-0.642566303116662,0.62153901753268,0.514742121444363,-0.997527524733494
-0.420896408880992,-1.68340877095877,0.58273434804946,0.735392734774844,1.35387726649808,1.27997987023378,-0.875415806953883,0.925178010553931,1.89513166855001,-1.65043691853996,0.0982051586325652,-0.525603003084043,0.60256307896666
2.19493826537163,0.683328512133765,-0.668427250134916,0.496700561777546,-0.118286269179753,0.11477338943286,0.825373712642213,-0.22819482249632,0.269906458522553,-0.770394762846413,-0.869761770898236,0.152074994211514,-0.708006664519161
-10.5586804992674,-1.95755461328909,1.34192458287369,-0.21303812898544,-0.354330644753363,2.0622240695238,-0.0396818046786853,-0.588490493519553,0.0501030622260272,0.032568130593723,-0.627396674183692,-0.643815223849255,-0.710037515832925
17.0867084908703,0.115363296655948,0.244755023500098,1.90647546114423,0.287163168838619,0.0309562828141942,1.80386663181893,-0.504620941148241,0.25017694348793,-0.660206506727211,1.07641599666645,1.21485858687414,0.464413371102257
-7.38326035995683,-0.472997948026271,-1.97663575455945,0.29805928093472,-0.962072532540572,-0.276682026573314,0.620873738720653,-0.728094277241507,-1.20969176596853,-0.268580523571278,0.504154671486235,-1.25285607538196,0.00599838142102252
-1.35009168543553,0.356233437712787,-1.46669562880211,0.133363364698985,-0.126569347828408,-0.602274471544956,0.8611315005806,-1.18336688131994,0.629060316331108,-0.683843615021706,-0.528517005905843,-0.0319298452974305,0.390797313987748
8.91845531506705,0.354105518457607,0.790904700880274,-1.74027384134596,-0.0578664769853448,0.368267500381499,0.269615433907866,-0.201115960094945,-0.466831397411,-1.56779132807243,0.275979332674157,1.44804142779015,1.2993542511788
9.42934659213381,1.03683409906459,-0.945377039129136,-1.02993967723359,-0.860053109881008,0.282705853617321,0.865032895393344,1.29837648534611,0.326660515424518,-0.430736972433356,-1.77292932419161,2.3107589033197,1.19506008656918
10.0625865619159,1.92957319932785,-0.829243509492614,1.00783881086169,-0.850843113123218,-1.05136688282107,0.114933134017174,0.275903360236491,-0.191552980422365,-1.0085481832681,-0.139685527435156,-0.891447249953162,0.996575663893206
12.7525495844922,2.44287101390251,-0.542636405342855,0.238531428747147,1.15151967451229,0.635335247984205,-1.45659077308959,-0.982773500487098,-0.814107164636131,0.145943022227292,0.911174787530982,0.930899506649903,-0.206179685948229
7.96829940472152,0.503800964944649,-0.261776445254365,-0.349434518138213,0.182982764249558,0.514371560694279,-1.06176914433501,1.68585087220888,-0.570457564073793,0.70780498833538,0.522225190824783,0.33106884103009,-0.283784171087001
-5.83727155474657,-1.45529065775768,-0.0662130710540987,-0.886688937414207,0.478118587579306,0.575508508585779,-1.36737523698496,0.740519578932112,-0.520411304260708,-1.63189015254249,-0.657679135495547,1.15095750298614,-0.87543755955888
-3.32992553485649,-0.24679578671169,-1.08156338896027,0.48272876437672,0.0397241336931516,-0.402789434227824,-1.15910174530812,0.2721669922626,-1.62423977317007,-1.71136727732729,0.764452413852929,-0.762842344454158,-1.18415177239846
5.90078598197913,1.59682656894853,-0.799823752035856,0.470690472423985,-0.739679185214543,-0.266295786967764,-0.120724233366231,0.410508318471476,1.03476381742187,0.315605179413804,-1.05478101097879,0.26495336396126,-0.243285176202647
12.4396036054716,1.13456666872713,1.39585437042638,0.0668951859598456,2.16580614582111,2.09286795383648,-0.822139857672873,1.21202193832431,-0.0319930092992498,-0.245553455310579,-0.484250803243583,-0.455886735549309,0.0976662231718377
-0.29392480505239,-2.84451387202653,-0.864188929223819,0.843994780457625,-2.02025103788657,-1.43154393100306,0.861839647206811,1.01486237651854,0.569990280125631,-0.621620473359122,0.817295978346835,1.11623367228057,-0.826557698796411
-21.4260498065566,-2.16719162183416,-2.54839574683823,0.450956202506322,-2.08271955089427,-1.92370703739289,-2.01274894225088,-1.83431535128906,-2.12166739698658,-0.648077975703221,0.668024965394759,-1.18597871237831,0.111915943230779
2.67349297552735,0.128077805178221,0.645442259705223,0.790825466027153,0.629383500665065,0.718748125455383,0.0801869502593542,-1.45954189850073,0.397795788420859,2.28496208296581,-0.1347274108955,0.719392662023275,-0.386981116440413
1.48951845228826,0.120174855637874,-0.649009437445414,-0.172722113476113,-0.257407550077286,-0.374528991120252,0.0804319119227589,0.687943657890815,-0.0869977292519816,0.621460274019388,-0.182188764949086,-0.488348861974252,0.371588586850063
9.55891543614757,2.75866653948822,-0.040345042917359,0.355732289949396,0.281556818202681,0.946639548884882,0.836718023151,-0.371790335905928,0.4583016232982,-0.141835641579009,0.544388234600206,-0.784585878518738,-2.1026406844043
6.92870051135518,0.370239809972999,-0.493412390562299,-1.30347163009023,-0.157694108079912,-1.7599352336672,1.85425967834967,0.894371841781909,0.374959500986868,1.82127157207277,-0.27396948403136,0.695544301406788,0.893757667145515
7.91098919074075,0.834130320335076,0.33187922560901,0.193201044626527,-0.93629410371248,1.18091885077154,0.774215624244764,0.75555127880355,0.442950321462595,-0.487970231814728,-1.92085444030082,0.418005118939059,0.469221544601406
-1.50158921514452,-0.527502250991266,0.481848983575474,0.0218452991874312,1.08116843477333,0.488623088887665,-1.62473581325083,0.60669193563928,2.5416280837258,-2.36116838501739,-0.578213472256589,-0.342950196670691,-0.155103158696796
-8.35582857875797,-0.991362306483825,0.522222293821195,-1.80823839048843,-0.0471815927542046,-0.00292820083872006,1.21263125595016,-0.64069590005655,-0.52775768625469,0.755175983853085,0.971630364154117,-1.69604643596883,0.16505450989755
